"00789be83b714e759df73350868192c2","2229","南库区新4号仓","248","南库区新4号仓","2026/2/12 09:00:49","2026/2/12 09:00:49","19.20","53.00","3.30","55.00","252","99.00","10.30","40.40","董磊","2","混合小麦","0","88","董磊","","","","","161","仓储管理部","100101006","陕西省储备粮扶风直属库有限公司","ded0cad24b004bb8b9260ef15ee93e5d","i","2026/2/12 09:00:50","1","0.00","0.00"
"009c3de2a6d3436b901841a7ee437a56","2240","南库区新15号仓","259","南库区新15号仓","2026/3/23 11:12:37","2026/3/23 11:12:37","20.20","49.00","14.00","60.00","196","99.00","6.80","29.20","董磊","2","混合小麦","0","88","董磊","","","","","161","仓储管理部","100101006","陕西省储备粮扶风直属库有限公司","ded0cad24b004bb8b9260ef15ee93e5d","i","2026/3/23 11:12:37","1","0.00","0.00"
"0106db51ff78499cac3d56b067986317","2226","南库区新1号仓","245","南库区新1号仓","2026/3/16 16:12:14","2026/3/16 16:12:14","19.50","65.00","14.00","59.00","266","99.00","14.10","45.50","董磊","2","混合小麦","0","88","董磊","","","","","161","仓储管理部","100101006","陕西省储备粮扶风直属库有限公司","ded0cad24b004bb8b9260ef15ee93e5d","n","","1","0.00","0.00"
"0288ab7e503d46e3b17cfb8f72f27090","2248","南库区老12号仓","266","南库区老12号仓","2026/3/30 17:43:05","2026/3/30 17:43:05","15.60","70.00","22.30","59.00","182","99.00","14.80","31.90","董磊","2","混合小麦","0","88","董磊","","","","","161","仓储管理部","100101006","陕西省储备粮扶风直属库有限公司","ded0cad24b004bb8b9260ef15ee93e5d","n","","1","0.00","0.00"
"02ae09b814fc4d22b0fe38d1dfb50726","2244","南库区老6号仓","263","南库区老6号仓","2026/2/12 09:06:15","2026/2/12 09:06:15","14.10","61.00","3.30","55.00","266","21.80","13.70","18.50","董磊","2","混合小麦","0","88","董磊","","","","","161","仓储管理部","100101006","陕西省储备粮扶风直属库有限公司","ded0cad24b004bb8b9260ef15ee93e5d","i","2026/2/12 09:06:16","1","0.00","0.00"
"03da2656dcde42c8a1e0111fe04f8eae","2245","南库区老8号仓","264","南库区老8号仓","2026/2/24 12:14:42","2026/2/24 12:14:42","15.00","74.00","8.60","57.00","182","99.00","14.60","38.50","董磊","2","混合小麦","0","88","董磊","","","","","161","仓储管理部","100101006","陕西省储备粮扶风直属库有限公司","ded0cad24b004bb8b9260ef15ee93e5d","i","2026/2/26 03:01:01","1","0.00","0.00"
"03e342192e5444afacc0071d76e907fe","2235","南库区新10号仓","254","南库区新10号仓","2026/3/9 12:13:34","2026/3/9 12:13:34","21.00","51.00","16.00","59.00","266","99.00","9.30","38.40","董磊","2","混合小麦","0","88","董磊","","","","","161","仓储管理部","100101006","陕西省储备粮扶风直属库有限公司","ded0cad24b004bb8b9260ef15ee93e5d","n","","1","0.00","0.00"
"05dbde2d77db4d4b9c2c712cd1bb5979","2235","南库区新10号仓","254","南库区新10号仓","2026/2/12 09:13:51","2026/2/12 09:13:51","21.80","50.00","3.30","55.00","266","99.00","9.10","38.20","董磊","2","混合小麦","0","88","董磊","","","","","161","仓储管理部","100101006","陕西省储备粮扶风直属库有限公司","ded0cad24b004bb8b9260ef15ee93e5d","i","2026/2/12 09:13:52","1","0.00","0.00"
"06f93507df1a4e66995ecd206d407715","2241","南库区新16号仓","260","南库区新16号仓","2026/3/23 11:14:01","2026/3/23 11:14:01","17.50","53.00","14.00","60.00","196","99.00","5.70","26.50","董磊","2","混合小麦","0","88","董磊","","","","","161","仓储管理部","100101006","陕西省储备粮扶风直属库有限公司","ded0cad24b004bb8b9260ef15ee93e5d","i","2026/3/23 11:14:01","1","0.00","0.00"
"07263caf941a40dbacc0992fa28a5664","2230","南库区新5号仓","249","南库区新5号仓","2026/2/12 09:03:07","2026/2/12 09:03:07","20.90","59.00","3.30","55.00","266","99.00","15.10","40.20","董磊","2","混合小麦","0","88","董磊","","","","","161","仓储管理部","100101006","陕西省储备粮扶风直属库有限公司","ded0cad24b004bb8b9260ef15ee93e5d","i","2026/2/12 09:03:08","1","0.00","0.00"
"075d0185a06045a08447e700bdc160eb","2247","南库区老11号仓","265","南库区老11号仓","2026/2/12 09:16:38","2026/2/12 09:16:38","12.20","68.00","3.30","55.00","182","99.00","12.10","30.50","董磊","2","混合小麦","0","88","董磊","","","","","161","仓储管理部","100101006","陕西省储备粮扶风直属库有限公司","ded0cad24b004bb8b9260ef15ee93e5d","i","2026/2/12 09:16:39","1","0.00","0.00"
"07663f348a3b46cfa58dbc0c14fbcb83","2231","南库区新6号仓","250","南库区新6号仓","2026/3/23 10:49:34","2026/3/23 10:49:34","19.80","60.00","14.00","60.00","252","99.00","-10.80","43.20","董磊","2","混合小麦","0","88","董磊","","","","","161","仓储管理部","100101006","陕西省储备粮扶风直属库有限公司","ded0cad24b004bb8b9260ef15ee93e5d","n","","1","0.00","0.00"
"08e6a1dff7ad4b5bbe4f8175ee9bffb9","2240","南库区新15号仓","259","南库区新15号仓","2026/3/16 16:48:43","2026/3/16 16:48:43","20.20","49.00","14.00","59.00","196","99.00","6.70","29.10","董磊","2","混合小麦","0","88","董磊","","","","","161","仓储管理部","100101006","陕西省储备粮扶风直属库有限公司","ded0cad24b004bb8b9260ef15ee93e5d","n","","1","0.00","0.00"
"091449c15c3443b283883afb21c3820b","2230","南库区新5号仓","249","南库区新5号仓","2026/3/4 16:51:28","2026/3/4 16:51:28","20.30","60.00","19.70","55.00","266","99.00","15.20","40.10","董磊","2","混合小麦","0","88","董磊","","","","","161","仓储管理部","100101006","陕西省储备粮扶风直属库有限公司","ded0cad24b004bb8b9260ef15ee93e5d","i","2026/3/4 16:51:28","1","0.00","0.00"
"09fd10edbd38498492eb6b00fd249609","2229","南库区新4号仓","248","南库区新4号仓","2026/2/6 16:42:01","2026/2/6 16:42:01","19.00","51.00","","","252","20.70","12.30","16.80","董磊","2","混合小麦","0","88","董磊","","","","","161","仓储管理部","100101006","陕西省储备粮扶风直属库有限公司","ded0cad24b004bb8b9260ef15ee93e5d","i","2026/2/6 16:43:37","1","0.00","0.00"
"0ad0ce580d9b42a3b7fa813fa104d5aa","2244","南库区老6号仓","263","南库区老6号仓","2026/3/16 16:25:24","2026/3/16 16:25:24","14.50","61.00","14.00","59.00","266","21.50","14.10","18.40","董磊","2","混合小麦","0","88","董磊","","","","","161","仓储管理部","100101006","陕西省储备粮扶风直属库有限公司","ded0cad24b004bb8b9260ef15ee93e5d","n","","1","0.00","0.00"
"0b4296dad9f14fc69e0998ec5ef0ee1d","2246","南库区老10号仓","597","南库区老10号仓","2026/3/30 17:17:54","2026/3/30 17:17:54","17.80","67.00","22.30","59.00","182","99.00","13.70","35.50","董磊","2","混合小麦","0","88","董磊","","","","","161","仓储管理部","100101006","陕西省储备粮扶风直属库有限公司","ded0cad24b004bb8b9260ef15ee93e5d","i","2026/3/30 17:17:55","1","0.00","0.00"
"0b9ff5ea8e234aac86bd8230d2fb9cd1","2236","南库区新11号仓","255","南库区新11号仓","2026/2/24 12:20:24","2026/2/24 12:20:24","22.50","58.00","8.60","57.00","266","99.00","14.50","39.90","董磊","2","混合小麦","0","88","董磊","","","","","161","仓储管理部","100101006","陕西省储备粮扶风直属库有限公司","ded0cad24b004bb8b9260ef15ee93e5d","i","2026/2/24 12:20:24","1","0.00","0.00"
"0c0b5d7c660b418392390245de0ef524","2232","南库区新7号仓","251","南库区新7号仓","2026/2/24 12:11:24","2026/2/24 12:11:24","20.70","60.00","8.60","57.00","266","99.00","15.10","39.50","董磊","2","混合小麦","0","88","董磊","","","","","161","仓储管理部","100101006","陕西省储备粮扶风直属库有限公司","ded0cad24b004bb8b9260ef15ee93e5d","i","2026/2/24 12:11:24","1","0.00","0.00"
"0c8afe5ab0d84a2b8dce0c1a1dc5e1d1","2242","南库区老2号仓","261","南库区老2号仓","2026/3/9 11:59:01","2026/3/9 11:59:01","17.00","67.00","16.00","59.00","182","99.00","14.80","33.40","董磊","2","混合小麦","0","88","董磊","","","","","161","仓储管理部","100101006","陕西省储备粮扶风直属库有限公司","ded0cad24b004bb8b9260ef15ee93e5d","n","","1","0.00","0.00"
"0c9efd44b1744cb680f8c876c4a5f6bc","2241","南库区新16号仓","260","南库区新16号仓","2026/2/24 12:31:30","2026/2/24 12:31:30","18.00","51.00","8.60","57.00","196","99.00","5.30","26.20","董磊","2","混合小麦","0","88","董磊","","","","","161","仓储管理部","100101006","陕西省储备粮扶风直属库有限公司","ded0cad24b004bb8b9260ef15ee93e5d","i","2026/2/24 12:31:30","1","0.00","0.00"
"0fb669d7c18b4d4b8d038e3a9013d9c1","2245","南库区老8号仓","264","南库区老8号仓","2026/2/12 09:06:15","2026/2/12 09:06:15","14.90","74.00","3.30","55.00","182","99.00","14.30","42.20","董磊","2","混合小麦","0","88","董磊","","","","","161","仓储管理部","100101006","陕西省储备粮扶风直属库有限公司","ded0cad24b004bb8b9260ef15ee93e5d","i","2026/2/12 09:06:16","1","0.00","0.00"
"11c16b202383486b99f5a3d46ccad28b","2235","南库区新10号仓","254","南库区新10号仓","2026/3/30 17:37:30","2026/3/30 17:37:30","20.40","51.00","22.30","59.00","266","99.00","9.70","38.50","董磊","2","混合小麦","0","88","董磊","","","","","161","仓储管理部","100101006","陕西省储备粮扶风直属库有限公司","ded0cad24b004bb8b9260ef15ee93e5d","i","2026/3/30 17:37:31","1","0.00","0.00"
"12067352ba18468186617face56c55e4","2239","南库区新14号仓","258","南库区新14号仓","2026/3/23 11:11:13","2026/3/23 11:11:13","17.70","45.00","14.00","60.00","252","99.00","13.30","44.80","董磊","2","混合小麦","0","88","董磊","","","","","161","仓储管理部","100101006","陕西省储备粮扶风直属库有限公司","ded0cad24b004bb8b9260ef15ee93e5d","n","","1","0.00","0.00"
"134ab381b2a6439d9683fc0f68a6c539","2227","南库区新2号仓","246","南库区新2号仓","2026/3/16 16:00:05","2026/3/16 16:00:05","19.30","62.00","13.30","61.00","266","99.00","-7.80","44.90","董磊","2","混合小麦","0","88","董磊","","","","","161","仓储管理部","100101006","陕西省储备粮扶风直属库有限公司","ded0cad24b004bb8b9260ef15ee93e5d","i","2026/3/16 16:00:06","1","0.00","0.00"
"152f8c0451ae4e4ba75f2c52328cd6b9","2226","南库区新1号仓","245","南库区新1号仓","2026/3/16 15:55:51","2026/3/16 15:55:51","19.60","66.00","13.30","61.00","266","99.00","14.10","45.50","董磊","2","混合小麦","0","88","董磊","","","","","161","仓储管理部","100101006","陕西省储备粮扶风直属库有限公司","ded0cad24b004bb8b9260ef15ee93e5d","i","2026/3/16 15:55:52","1","0.00","0.00"
"1691faf20d5d4d6b939f9814cd4bad20","2555","南库区新9号仓","253","南库区新9号仓","2026/3/23 10:59:07","2026/3/23 10:59:07","18.80","65.00","14.00","60.00","266","99.00","15.10","41.80","董磊","2","混合小麦","0","88","董磊","","","","","161","仓储管理部","100101006","陕西省储备粮扶风直属库有限公司","ded0cad24b004bb8b9260ef15ee93e5d","i","2026/3/23 10:59:07","1","0.00","0.00"
"17ffd30e60fd400e95296c180e18165b","2245","南库区老8号仓","264","南库区老8号仓","2026/3/30 17:34:18","2026/3/30 17:34:18","15.80","73.00","22.30","59.00","182","99.00","15.00","38.60","董磊","2","混合小麦","0","88","董磊","","","","","161","仓储管理部","100101006","陕西省储备粮扶风直属库有限公司","ded0cad24b004bb8b9260ef15ee93e5d","i","2026/3/30 17:34:18","1","0.00","0.00"
"1b2b557b1dac461eb541968b28aa15c7","2229","南库区新4号仓","248","南库区新4号仓","2026/2/5 10:51:13","2026/2/5 10:51:13","18.70","50.00","11.60","57.00","252","99.00","8.50","42.30","董磊","2","混合小麦","0","88","董磊","","","","","161","仓储管理部","100101006","陕西省储备粮扶风直属库有限公司","ded0cad24b004bb8b9260ef15ee93e5d","i","2026/2/5 10:51:13","1","0.00","0.00"
"1b562434131040989e81a0096eab1245","2555","南库区新9号仓","253","南库区新9号仓","2026/2/24 12:16:36","2026/2/24 12:16:36","19.70","64.00","8.60","57.00","266","99.00","15.00","41.80","董磊","2","混合小麦","0","88","董磊","","","","","161","仓储管理部","100101006","陕西省储备粮扶风直属库有限公司","ded0cad24b004bb8b9260ef15ee93e5d","i","2026/2/24 12:16:36","1","0.00","0.00"
"1be5462250f647e994f6b2e6eb593bc8","2245","南库区老8号仓","264","南库区老8号仓","2026/3/23 10:57:13","2026/3/23 10:57:13","15.10","74.00","14.00","60.00","182","99.00","14.60","38.50","董磊","2","混合小麦","0","88","董磊","","","","","161","仓储管理部","100101006","陕西省储备粮扶风直属库有限公司","ded0cad24b004bb8b9260ef15ee93e5d","n","","1","0.00","0.00"
"1c4d17952c2b4e139af51edcd92135ae","2247","南库区老11号仓","265","南库区老11号仓","2026/3/30 17:40:18","2026/3/30 17:40:18","12.30","68.00","22.30","59.00","182","99.00","12.10","30.40","董磊","2","混合小麦","0","88","董磊","","","","","161","仓储管理部","100101006","陕西省储备粮扶风直属库有限公司","ded0cad24b004bb8b9260ef15ee93e5d","i","2026/3/30 17:40:18","1","0.00","0.00"
"1d929b988c4b4f24a02ee583abccf8a4","2248","南库区老12号仓","266","南库区老12号仓","2026/2/24 12:25:06","2026/2/24 12:25:06","15.00","69.00","8.60","57.00","182","99.00","14.50","31.90","董磊","2","混合小麦","0","88","董磊","","","","","161","仓储管理部","100101006","陕西省储备粮扶风直属库有限公司","ded0cad24b004bb8b9260ef15ee93e5d","i","2026/2/26 03:01:02","1","0.00","0.00"
"1e53983ee9ed4afeb1dcd158976a0e66","2226","南库区新1号仓","245","南库区新1号仓","2026/3/4 16:43:52","2026/3/4 16:43:52","19.80","65.00","19.70","55.00","266","99.00","14.00","45.50","董磊","2","混合小麦","0","88","董磊","","","","","161","仓储管理部","100101006","陕西省储备粮扶风直属库有限公司","ded0cad24b004bb8b9260ef15ee93e5d","i","2026/3/4 16:43:53","1","0.00","0.00"
"1e5a578c8bde4b7381c6aec0f080de44","2228","南库区新3号仓","247","南库区新3号仓","2026/2/24 11:53:25","2026/2/24 11:53:25","20.80","53.00","8.60","57.00","266","99.00","15.30","41.30","董磊","2","混合小麦","0","88","董磊","","","","","161","仓储管理部","100101006","陕西省储备粮扶风直属库有限公司","ded0cad24b004bb8b9260ef15ee93e5d","i","2026/2/24 11:53:26","1","0.00","0.00"
"1f3fe89c6eda4ec1a6371944d5b1bd4c","2230","南库区新5号仓","249","南库区新5号仓","2026/3/23 10:48:03","2026/3/23 10:48:03","18.40","52.00","14.00","60.00","266","99.00","15.20","39.90","董磊","2","混合小麦","0","88","董磊","","","","","161","仓储管理部","100101006","陕西省储备粮扶风直属库有限公司","ded0cad24b004bb8b9260ef15ee93e5d","n","","1","0.00","0.00"
"1fd30a9061e64dd1989763ccf7a5a471","2233","南库区新8号仓","252","南库区新8号仓","2026/3/16 16:28:36","2026/3/16 16:28:36","19.30","62.00","14.00","59.00","266","99.00","14.80","40.70","董磊","2","混合小麦","0","88","董磊","","","","","161","仓储管理部","100101006","陕西省储备粮扶风直属库有限公司","ded0cad24b004bb8b9260ef15ee93e5d","n","","1","0.00","0.00"
"221c635aa3d0499d924b3bf5c1763800","2236","南库区新11号仓","255","南库区新11号仓","2026/3/9 12:15:10","2026/3/9 12:15:10","23.70","55.00","16.00","59.00","266","99.00","14.50","39.90","董磊","2","混合小麦","0","88","董磊","","","","","161","仓储管理部","100101006","陕西省储备粮扶风直属库有限公司","ded0cad24b004bb8b9260ef15ee93e5d","i","2026/3/9 12:15:11","1","0.00","0.00"
"222621c5e1554da6a45ffea64a8af952","2235","南库区新10号仓","254","南库区新10号仓","2026/2/12 09:09:27","2026/2/12 09:09:27","21.70","50.00","3.30","55.00","266","99.00","9.10","38.20","董磊","2","混合小麦","0","88","董磊","","","","","161","仓储管理部","100101006","陕西省储备粮扶风直属库有限公司","ded0cad24b004bb8b9260ef15ee93e5d","i","2026/2/12 09:09:28","1","0.00","0.00"
"2418e1ccb53148e7af8867a505c477bb","2229","南库区新4号仓","248","南库区新4号仓","2026/3/4 16:48:58","2026/3/4 16:48:58","19.00","56.00","19.70","55.00","252","99.00","-45.90","41.80","董磊","2","混合小麦","0","88","董磊","","","","","161","仓储管理部","100101006","陕西省储备粮扶风直属库有限公司","ded0cad24b004bb8b9260ef15ee93e5d","n","","1","0.00","0.00"
"244ac168cece41ff907bae81cfee195c","2232","南库区新7号仓","251","南库区新7号仓","2026/2/12 09:03:27","2026/2/12 09:03:27","21.20","60.00","3.30","55.00","266","99.00","15.10","39.50","董磊","2","混合小麦","0","88","董磊","","","","","161","仓储管理部","100101006","陕西省储备粮扶风直属库有限公司","ded0cad24b004bb8b9260ef15ee93e5d","i","2026/2/12 09:03:28","1","0.00","0.00"
"24dadf9279864745ba005cd4e7886503","2237","南库区新12号仓","256","南库区新12号仓","2026/3/4 17:16:21","2026/3/4 17:16:21","","","19.70","55.00","266","99.00","14.20","44.70","董磊","2","混合小麦","0","88","董磊","","","","","161","仓储管理部","100101006","陕西省储备粮扶风直属库有限公司","ded0cad24b004bb8b9260ef15ee93e5d","i","2026/3/4 17:16:21","1","0.00","0.00"
"260fbbeabbdd4d938bc9df02510a367b","2238","南库区新13号仓","257","南库区新13号仓","2026/2/24 12:26:54","2026/2/24 12:26:54","20.60","62.00","8.60","57.00","252","99.00","14.80","44.30","董磊","2","混合小麦","0","88","董磊","","","","","161","仓储管理部","100101006","陕西省储备粮扶风直属库有限公司","ded0cad24b004bb8b9260ef15ee93e5d","i","2026/2/24 12:26:54","1","0.00","0.00"
"27baf89ead8d41a5be2b3b75f642c1a8","2238","南库区新13号仓","257","南库区新13号仓","2026/3/23 11:09:25","2026/3/23 11:09:25","20.00","64.00","14.00","60.00","252","99.00","14.80","45.50","董磊","2","混合小麦","0","88","董磊","","","","","161","仓储管理部","100101006","陕西省储备粮扶风直属库有限公司","ded0cad24b004bb8b9260ef15ee93e5d","i","2026/3/23 11:09:25","1","0.00","0.00"
"29bb30d1d93443c19d8b788622d31a3d","2239","南库区新14号仓","258","南库区新14号仓","2026/2/24 12:28:42","2026/2/24 12:28:42","19.50","59.00","8.60","57.00","252","99.00","14.60","45.50","董磊","2","混合小麦","0","88","董磊","","","","","161","仓储管理部","100101006","陕西省储备粮扶风直属库有限公司","ded0cad24b004bb8b9260ef15ee93e5d","i","2026/2/24 12:28:42","1","0.00","0.00"
"2bf18da5e6064184a989365df5263de7","2239","南库区新14号仓","258","南库区新14号仓","2026/3/30 17:46:08","2026/3/30 17:46:08","17.60","54.00","22.30","59.00","252","99.00","14.00","44.80","董磊","2","混合小麦","0","88","董磊","","","","","161","仓储管理部","100101006","陕西省储备粮扶风直属库有限公司","ded0cad24b004bb8b9260ef15ee93e5d","i","2026/3/30 17:46:08","1","0.00","0.00"
"2bf65950a86d4ef8a4b9c6f535be408e","2232","南库区新7号仓","251","南库区新7号仓","2026/2/12 09:07:51","2026/2/12 09:07:51","21.10","60.00","3.30","55.00","266","99.00","15.10","39.50","董磊","2","混合小麦","0","88","董磊","","","","","161","仓储管理部","100101006","陕西省储备粮扶风直属库有限公司","ded0cad24b004bb8b9260ef15ee93e5d","i","2026/2/12 09:07:52","1","0.00","0.00"
"32b486de9093438d82a2557da7fad8f4","2245","南库区老8号仓","264","南库区老8号仓","2026/3/16 16:29:58","2026/3/16 16:29:58","15.20","73.00","14.00","59.00","182","99.00","14.60","38.50","董磊","2","混合小麦","0","88","董磊","","","","","161","仓储管理部","100101006","陕西省储备粮扶风直属库有限公司","ded0cad24b004bb8b9260ef15ee93e5d","n","","1","0.00","0.00"
"32e0b67da4634e8fbc909f70833c649c","2240","南库区新15号仓","259","南库区新15号仓","2026/3/30 17:47:19","2026/3/30 17:47:19","20.00","50.00","22.30","59.00","196","99.00","7.00","29.20","董磊","2","混合小麦","0","88","董磊","","","","","161","仓储管理部","100101006","陕西省储备粮扶风直属库有限公司","ded0cad24b004bb8b9260ef15ee93e5d","n","","1","0.00","0.00"
"349aa76170a04cad925dace8890565ab","2247","南库区老11号仓","265","南库区老11号仓","2026/3/16 16:38:28","2026/3/16 16:38:28","12.20","68.00","14.00","59.00","182","99.00","12.00","30.40","董磊","2","混合小麦","0","88","董磊","","","","","161","仓储管理部","100101006","陕西省储备粮扶风直属库有限公司","ded0cad24b004bb8b9260ef15ee93e5d","n","","1","0.00","0.00"
"3574148bf93d4c98802584cd9b900d54","2227","南库区新2号仓","246","南库区新2号仓","2026/3/4 16:45:46","2026/3/4 16:45:46","19.70","62.00","19.70","55.00","266","99.00","15.30","45.20","董磊","2","混合小麦","0","88","董磊","","","","","161","仓储管理部","100101006","陕西省储备粮扶风直属库有限公司","ded0cad24b004bb8b9260ef15ee93e5d","i","2026/3/4 16:45:47","1","0.00","0.00"
"364d082ddd9249b4bd2234a4a9a086a1","2227","南库区新2号仓","246","南库区新2号仓","2026/3/16 16:13:50","2026/3/16 16:13:50","19.30","63.00","14.00","59.00","266","99.00","15.30","45.00","董磊","2","混合小麦","0","88","董磊","","","","","161","仓储管理部","100101006","陕西省储备粮扶风直属库有限公司","ded0cad24b004bb8b9260ef15ee93e5d","n","","1","0.00","0.00"
"38ee114fbe004f91b994c6d6cd2a0a41","2228","南库区新3号仓","247","南库区新3号仓","2026/2/12 08:50:31","2026/2/12 08:50:31","21.20","52.00","3.00","56.00","266","99.00","15.30","41.30","董磊","2","混合小麦","0","88","董磊","","","","","161","仓储管理部","100101006","陕西省储备粮扶风直属库有限公司","ded0cad24b004bb8b9260ef15ee93e5d","i","2026/2/26 03:01:01","1","0.00","0.00"
"39bebeae031e4231bc4dbdd02a2e7329","2245","南库区老8号仓","264","南库区老8号仓","2026/2/12 09:10:38","2026/2/12 09:10:38","14.90","74.00","3.30","55.00","182","99.00","14.30","42.20","董磊","2","混合小麦","0","88","董磊","","","","","161","仓储管理部","100101006","陕西省储备粮扶风直属库有限公司","ded0cad24b004bb8b9260ef15ee93e5d","i","2026/2/12 09:10:39","1","0.00","0.00"
"3b4d330dd5cb4a13917cab8a52ee90f3","2229","南库区新4号仓","248","南库区新4号仓","2026/2/24 12:00:31","2026/2/24 12:00:31","19.20","55.00","8.60","57.00","252","99.00","7.00","40.50","董磊","2","混合小麦","0","88","董磊","","","","","161","仓储管理部","100101006","陕西省储备粮扶风直属库有限公司","ded0cad24b004bb8b9260ef15ee93e5d","i","2026/2/24 12:00:32","1","0.00","0.00"
"3ddc212280cd410284a66af262d6f62f","2237","南库区新12号仓","256","南库区新12号仓","2026/3/23 11:06:13","2026/3/23 11:06:13","","","14.00","60.00","266","99.00","14.20","44.70","董磊","2","混合小麦","0","88","董磊","","","","","161","仓储管理部","100101006","陕西省储备粮扶风直属库有限公司","ded0cad24b004bb8b9260ef15ee93e5d","n","","1","0.00","0.00"
"4077e53cd3dc43f6bfbe3969c38dd263","2242","南库区老2号仓","261","南库区老2号仓","2026/3/4 16:47:10","2026/3/4 16:47:10","17.10","67.00","19.70","55.00","182","99.00","14.80","33.40","董磊","2","混合小麦","0","88","董磊","","","","","161","仓储管理部","100101006","陕西省储备粮扶风直属库有限公司","ded0cad24b004bb8b9260ef15ee93e5d","n","","1","0.00","0.00"
"4142fc8e4c0c45ff969d6f2b684bc4e0","2228","南库区新3号仓","247","南库区新3号仓","2026/3/9 11:53:27","2026/3/9 11:53:27","20.60","53.00","16.00","59.00","266","99.00","15.30","41.20","董磊","2","混合小麦","0","88","董磊","","","","","161","仓储管理部","100101006","陕西省储备粮扶风直属库有限公司","ded0cad24b004bb8b9260ef15ee93e5d","i","2026/3/9 11:53:27","1","0.00","0.00"
"43b6d9e095f84297a34f50cebab7cdb5","2232","南库区新7号仓","251","南库区新7号仓","2026/2/5 10:58:15","2026/2/5 10:58:15","21.30","60.00","11.60","57.00","266","99.00","15.00","39.50","董磊","2","混合小麦","0","88","董磊","","","","","161","仓储管理部","100101006","陕西省储备粮扶风直属库有限公司","ded0cad24b004bb8b9260ef15ee93e5d","i","2026/2/5 10:58:16","1","0.00","0.00"
"44a22ba5b59e44e3a12af0f2d9adb1db","2242","南库区老2号仓","261","南库区老2号仓","2026/3/16 16:02:06","2026/3/16 16:02:06","16.80","67.00","13.30","61.00","182","99.00","14.80","33.40","董磊","2","混合小麦","0","88","董磊","","","","","161","仓储管理部","100101006","陕西省储备粮扶风直属库有限公司","ded0cad24b004bb8b9260ef15ee93e5d","n","","1","0.00","0.00"
"44fc1b62b5914004936f3520f6071ca0","2236","南库区新11号仓","255","南库区新11号仓","2026/3/4 17:09:48","2026/3/4 17:09:48","22.20","59.00","19.70","55.00","266","99.00","14.50","39.90","董磊","2","混合小麦","0","88","董磊","","","","","161","仓储管理部","100101006","陕西省储备粮扶风直属库有限公司","ded0cad24b004bb8b9260ef15ee93e5d","i","2026/3/4 17:09:49","1","0.00","0.00"
"46553cc0ce4b461aa6aa67a84a9a6172","2245","南库区老8号仓","264","南库区老8号仓","2026/3/9 12:10:22","2026/3/9 12:10:22","15.10","74.00","16.00","59.00","182","99.00","14.50","38.50","董磊","2","混合小麦","0","88","董磊","","","","","161","仓储管理部","100101006","陕西省储备粮扶风直属库有限公司","ded0cad24b004bb8b9260ef15ee93e5d","i","2026/3/9 12:10:22","1","0.00","0.00"
"48aae9b01e0a47d6ab7082c1648db012","2240","南库区新15号仓","259","南库区新15号仓","2026/3/4 17:24:14","2026/3/4 17:24:14","20.60","49.00","19.70","55.00","196","99.00","6.60","29.00","董磊","2","混合小麦","0","88","董磊","","","","","161","仓储管理部","100101006","陕西省储备粮扶风直属库有限公司","ded0cad24b004bb8b9260ef15ee93e5d","i","2026/3/4 17:24:14","1","0.00","0.00"
"4987fc47902648df9a7a36e7da1e1166","2228","南库区新3号仓","247","南库区新3号仓","2026/3/23 10:06:56","2026/3/23 10:06:56","18.20","49.00","14.00","60.00","266","99.00","15.30","41.20","董磊","2","混合小麦","0","88","董磊","","","","","161","仓储管理部","100101006","陕西省储备粮扶风直属库有限公司","ded0cad24b004bb8b9260ef15ee93e5d","i","2026/3/23 10:06:57","1","0.00","0.00"
"4a1466355a174003a9a155599e9458d6","2248","南库区老12号仓","266","南库区老12号仓","2026/2/12 09:15:02","2026/2/12 09:15:02","14.90","69.00","3.30","55.00","182","99.00","14.50","31.90","董磊","2","混合小麦","0","88","董磊","","","","","161","仓储管理部","100101006","陕西省储备粮扶风直属库有限公司","ded0cad24b004bb8b9260ef15ee93e5d","i","2026/2/12 09:15:02","1","0.00","0.00"
"4a4ab75fc7c44b04add954f2cf7a5eec","2231","南库区新6号仓","250","南库区新6号仓","2026/3/30 17:27:51","2026/3/30 17:27:51","19.60","57.00","22.30","59.00","252","99.00","-10.80","43.20","董磊","2","混合小麦","0","88","董磊","","","","","161","仓储管理部","100101006","陕西省储备粮扶风直属库有限公司","ded0cad24b004bb8b9260ef15ee93e5d","i","2026/3/30 17:27:51","1","0.00","0.00"
"4b1d3b26176c445eb31d2893f1b4b550","2235","南库区新10号仓","254","南库区新10号仓","2026/3/23 11:01:01","2026/3/23 11:01:01","20.40","51.00","14.00","60.00","266","99.00","9.60","38.40","董磊","2","混合小麦","0","88","董磊","","","","","161","仓储管理部","100101006","陕西省储备粮扶风直属库有限公司","ded0cad24b004bb8b9260ef15ee93e5d","i","2026/3/23 11:01:01","1","0.00","0.00"
"4c1e82cd6c754fa3bc5322e5ad12f8ce","2228","南库区新3号仓","247","南库区新3号仓","2026/3/4 16:38:16","2026/3/4 16:38:16","20.70","53.00","19.70","55.00","266","99.00","15.30","41.20","董磊","2","混合小麦","0","88","董磊","","","","","161","仓储管理部","100101006","陕西省储备粮扶风直属库有限公司","ded0cad24b004bb8b9260ef15ee93e5d","i","2026/3/4 16:38:17","1","0.00","0.00"
"4d25bf529f854729b9a7e2516b5c6831","2555","南库区新9号仓","253","南库区新9号仓","2026/3/4 17:05:09","2026/3/4 17:05:09","19.50","64.00","19.70","55.00","266","99.00","15.10","41.80","董磊","2","混合小麦","0","88","董磊","","","","","161","仓储管理部","100101006","陕西省储备粮扶风直属库有限公司","ded0cad24b004bb8b9260ef15ee93e5d","i","2026/3/4 17:05:10","1","0.00","0.00"
"4db16e47865f43bd8ba2a2b52ffa13bf","2228","南库区新3号仓","247","南库区新3号仓","2026/3/16 16:09:26","2026/3/16 16:09:26","20.50","54.00","14.00","59.00","266","99.00","15.30","41.20","董磊","2","混合小麦","0","88","董磊","","","","","161","仓储管理部","100101006","陕西省储备粮扶风直属库有限公司","ded0cad24b004bb8b9260ef15ee93e5d","n","","1","0.00","0.00"
"4dc6f5557a244864882fb7d144017752","2248","南库区老12号仓","266","南库区老12号仓","2026/3/16 16:40:11","2026/3/16 16:40:11","15.20","70.00","14.00","59.00","182","99.00","14.60","31.90","董磊","2","混合小麦","0","88","董磊","","","","","161","仓储管理部","100101006","陕西省储备粮扶风直属库有限公司","ded0cad24b004bb8b9260ef15ee93e5d","n","","1","0.00","0.00"
"4e3a79beaa67405fa57f38928195a3d4","2235","南库区新10号仓","254","南库区新10号仓","2026/2/24 12:18:30","2026/2/24 12:18:30","21.50","51.00","8.60","57.00","266","99.00","9.20","38.30","董磊","2","混合小麦","0","88","董磊","","","","","161","仓储管理部","100101006","陕西省储备粮扶风直属库有限公司","ded0cad24b004bb8b9260ef15ee93e5d","i","2026/2/24 12:18:30","1","0.00","0.00"
"4e688ca570fe49a7ba7b26125f50f4fd","2228","南库区新3号仓","247","南库区新3号仓","2026/3/16 15:52:55","2026/3/16 15:52:55","20.50","54.00","13.30","61.00","266","99.00","15.30","41.20","董磊","2","混合小麦","0","88","董磊","","","","","161","仓储管理部","100101006","陕西省储备粮扶风直属库有限公司","ded0cad24b004bb8b9260ef15ee93e5d","n","","1","0.00","0.00"
"4fafa94062dc40ea821397378557ee41","2555","南库区新9号仓","253","南库区新9号仓","2026/2/12 09:12:14","2026/2/12 09:12:14","20.00","64.00","3.30","55.00","266","99.00","15.00","41.80","董磊","2","混合小麦","0","88","董磊","","","","","161","仓储管理部","100101006","陕西省储备粮扶风直属库有限公司","ded0cad24b004bb8b9260ef15ee93e5d","i","2026/2/26 03:01:01","1","0.00","0.00"
"5247c45ed613461b9e7af10a666a60ec","2233","南库区新8号仓","252","南库区新8号仓","2026/2/24 12:13:18","2026/2/24 12:13:18","19.90","61.00","8.60","57.00","266","99.00","14.80","40.80","董磊","2","混合小麦","0","88","董磊","","","","","161","仓储管理部","100101006","陕西省储备粮扶风直属库有限公司","ded0cad24b004bb8b9260ef15ee93e5d","i","2026/2/24 12:13:18","1","0.00","0.00"
"53f4ff7a61114182be1ecf2fc91feaa2","2228","南库区新3号仓","247","南库区新3号仓","2026/2/5 10:44:06","2026/2/5 10:44:06","21.20","50.00","11.60","57.00","266","99.00","15.30","42.00","董磊","2","混合小麦","0","88","董磊","","","","","161","仓储管理部","100101006","陕西省储备粮扶风直属库有限公司","ded0cad24b004bb8b9260ef15ee93e5d","i","2026/2/5 10:44:07","1","0.00","0.00"
"54399f8f3d384d5ea0f892525463a88f","2231","南库区新6号仓","250","南库区新6号仓","2026/2/24 12:07:05","2026/2/24 12:07:05","20.50","59.00","8.60","57.00","252","99.00","-10.80","43.20","董磊","2","混合小麦","0","88","董磊","","","","","161","仓储管理部","100101006","陕西省储备粮扶风直属库有限公司","ded0cad24b004bb8b9260ef15ee93e5d","i","2026/2/26 03:01:01","1","0.00","0.00"
"555000bc4edb456fb698996a0d0be665","2244","南库区老6号仓","263","南库区老6号仓","2026/3/30 17:29:54","2026/3/30 17:29:54","18.50","63.00","22.30","59.00","266","18.80","15.80","16.90","董磊","2","混合小麦","0","88","董磊","","","","","161","仓储管理部","100101006","陕西省储备粮扶风直属库有限公司","ded0cad24b004bb8b9260ef15ee93e5d","i","2026/3/30 17:29:54","1","0.00","0.00"
"55eb34eb55c7487996f97661c3a4bf2d","2229","南库区新4号仓","248","南库区新4号仓","2026/2/5 08:32:17","2026/2/5 08:32:17","18.80","51.00","","","252","21.60","7.20","17.10","董磊","2","混合小麦","0","88","董磊","","","","","161","仓储管理部","100101006","陕西省储备粮扶风直属库有限公司","ded0cad24b004bb8b9260ef15ee93e5d","i","2026/2/5 08:33:53","1","0.00","0.00"
"5624efe23c3540509d785b5a704ad8d1","2246","南库区老10号仓","597","南库区老10号仓","2026/2/5 10:45:17","2026/2/5 10:45:17","15.30","75.00","11.60","57.00","182","99.00","6.30","33.60","董磊","2","混合小麦","0","88","董磊","","","","","161","仓储管理部","100101006","陕西省储备粮扶风直属库有限公司","ded0cad24b004bb8b9260ef15ee93e5d","i","2026/2/5 10:45:17","1","0.00","0.00"
"573a3da6b64e49b6821dd268336df300","2233","南库区新8号仓","252","南库区新8号仓","2026/2/12 09:05:04","2026/2/12 09:05:04","20.20","61.00","3.30","55.00","266","99.00","14.80","40.80","董磊","2","混合小麦","0","88","董磊","","","","","161","仓储管理部","100101006","陕西省储备粮扶风直属库有限公司","ded0cad24b004bb8b9260ef15ee93e5d","i","2026/2/12 09:05:05","1","0.00","0.00"
"576abe004823429f91122b2ad24f7480","2239","南库区新14号仓","258","南库区新14号仓","2026/3/4 17:21:23","2026/3/4 17:21:23","17.70","47.00","19.70","55.00","252","99.00","12.60","44.60","董磊","2","混合小麦","0","88","董磊","","","","","161","仓储管理部","100101006","陕西省储备粮扶风直属库有限公司","ded0cad24b004bb8b9260ef15ee93e5d","i","2026/3/4 17:21:23","1","0.00","0.00"
"5856bdca814c4d648797e595d7bf1136","2242","南库区老2号仓","261","南库区老2号仓","2026/3/23 10:12:31","2026/3/23 10:12:31","16.70","67.00","14.00","60.00","182","99.00","14.80","33.30","董磊","2","混合小麦","0","88","董磊","","","","","161","仓储管理部","100101006","陕西省储备粮扶风直属库有限公司","ded0cad24b004bb8b9260ef15ee93e5d","i","2026/3/23 10:12:31","1","0.00","0.00"
"590ff32556324a81ad1ebf1a9758d8c1","2229","南库区新4号仓","248","南库区新4号仓","2026/3/16 16:03:54","2026/3/16 16:03:54","18.80","56.00","13.30","61.00","252","99.00","10.70","40.50","董磊","2","混合小麦","0","88","董磊","","","","","161","仓储管理部","100101006","陕西省储备粮扶风直属库有限公司","ded0cad24b004bb8b9260ef15ee93e5d","n","","1","0.00","0.00"
"5a5164bba8554dd9b9ae762a16e2f0f7","2555","南库区新9号仓","253","南库区新9号仓","2026/3/9 12:11:58","2026/3/9 12:11:58","19.30","64.00","16.00","59.00","266","99.00","15.10","41.80","董磊","2","混合小麦","0","88","董磊","","","","","161","仓储管理部","100101006","陕西省储备粮扶风直属库有限公司","ded0cad24b004bb8b9260ef15ee93e5d","i","2026/3/9 12:11:58","1","0.00","0.00"
"5c9f4a87b8dc401ab07b26bb99369116","2235","南库区新10号仓","254","南库区新10号仓","2026/3/4 17:06:59","2026/3/4 17:06:59","21.10","51.00","19.70","55.00","266","99.00","9.30","38.30","董磊","2","混合小麦","0","88","董磊","","","","","161","仓储管理部","100101006","陕西省储备粮扶风直属库有限公司","ded0cad24b004bb8b9260ef15ee93e5d","n","","1","0.00","0.00"
"5e1660234ff5494c84982c8122a6b531","2241","南库区新16号仓","260","南库区新16号仓","2026/3/30 17:48:30","2026/3/30 17:48:30","17.40","54.00","22.30","59.00","196","99.00","5.60","26.60","董磊","2","混合小麦","0","88","董磊","","","","","161","仓储管理部","100101006","陕西省储备粮扶风直属库有限公司","ded0cad24b004bb8b9260ef15ee93e5d","i","2026/3/30 17:48:30","1","0.00","0.00"
"60239c1d78b3411ea00d2c15573befc7","2244","南库区老6号仓","263","南库区老6号仓","2026/2/5 10:56:39","2026/2/5 10:56:39","14.20","62.00","11.60","57.00","266","21.80","13.80","18.60","董磊","2","混合小麦","0","88","董磊","","","","","161","仓储管理部","100101006","陕西省储备粮扶风直属库有限公司","ded0cad24b004bb8b9260ef15ee93e5d","i","2026/2/5 10:56:39","1","0.00","0.00"
"612f2f42e25242f4aa475cf0757f2c2b","2235","南库区新10号仓","254","南库区新10号仓","2026/2/5 11:04:15","2026/2/5 11:04:15","21.80","48.00","11.60","57.00","266","99.00","9.10","38.20","董磊","2","混合小麦","0","88","董磊","","","","","161","仓储管理部","100101006","陕西省储备粮扶风直属库有限公司","ded0cad24b004bb8b9260ef15ee93e5d","i","2026/2/5 11:04:16","1","0.00","0.00"
"638812c02ebb4df2ab8f822b546451dc","2242","南库区老2号仓","261","南库区老2号仓","2026/2/12 08:59:17","2026/2/12 08:59:17","17.60","67.00","3.30","55.00","182","99.00","14.70","33.40","董磊","2","混合小麦","0","88","董磊","","","","","161","仓储管理部","100101006","陕西省储备粮扶风直属库有限公司","ded0cad24b004bb8b9260ef15ee93e5d","i","2026/2/12 08:59:18","1","0.00","0.00"
"658fa226b01e44b093e3262821b9ceb0","2227","南库区新2号仓","246","南库区新2号仓","2026/3/30 17:21:07","2026/3/30 17:21:07","19.00","62.00","22.30","59.00","266","99.00","15.30","45.20","董磊","2","混合小麦","0","88","董磊","","","","","161","仓储管理部","100101006","陕西省储备粮扶风直属库有限公司","ded0cad24b004bb8b9260ef15ee93e5d","i","2026/3/30 17:21:07","1","0.00","0.00"
"65983990f4ba46eaa9f6a7ec3a599fa4","2236","南库区新11号仓","255","南库区新11号仓","2026/3/16 16:34:49","2026/3/16 16:34:49","22.20","59.00","14.00","59.00","266","99.00","14.50","39.90","董磊","2","混合小麦","0","88","董磊","","","","","161","仓储管理部","100101006","陕西省储备粮扶风直属库有限公司","ded0cad24b004bb8b9260ef15ee93e5d","n","","1","0.00","0.00"
"65fb42b307cd4dc08363f38584b7dca6","2246","南库区老10号仓","597","南库区老10号仓","2026/3/2 13:58:15","2026/3/2 13:58:15","15.50","75.00","","","182","30.10","-39.90","16.90","刘斌","2","混合小麦","0","1405","刘斌","","","","","122","陕西省储备粮扶风直属库有限公司","100101006","陕西省储备粮扶风直属库有限公司","b3fd108105a64e8e9ef1ccbd23f4e011","n","","1","0.00","0.00"
"65fd7aba442a49d6a0e05196c264bae2","2245","南库区老8号仓","264","南库区老8号仓","2026/3/4 17:03:15","2026/3/4 17:03:15","15.10","74.00","19.70","55.00","182","99.00","14.50","38.50","董磊","2","混合小麦","0","88","董磊","","","","","161","仓储管理部","100101006","陕西省储备粮扶风直属库有限公司","ded0cad24b004bb8b9260ef15ee93e5d","i","2026/3/4 17:03:16","1","0.00","0.00"
"66b74a0a8eba4ef3a4f36eca719ab7e7","2242","南库区老2号仓","261","南库区老2号仓","2026/2/5 10:49:41","2026/2/5 10:49:41","17.90","66.00","11.60","57.00","182","99.00","14.70","33.40","董磊","2","混合小麦","0","88","董磊","","","","","161","仓储管理部","100101006","陕西省储备粮扶风直属库有限公司","ded0cad24b004bb8b9260ef15ee93e5d","i","2026/2/5 10:49:42","1","0.00","0.00"
"6754adb1f3a647e69e42d7fc1fa45d23","2248","南库区老12号仓","266","南库区老12号仓","2026/3/4 17:17:48","2026/3/4 17:17:48","15.00","70.00","19.70","55.00","182","99.00","14.60","31.90","董磊","2","混合小麦","0","88","董磊","","","","","161","仓储管理部","100101006","陕西省储备粮扶风直属库有限公司","ded0cad24b004bb8b9260ef15ee93e5d","i","2026/3/4 17:17:48","1","0.00","0.00"
"67af29e6034c4ba3932e0f7fbfacecb4","2233","南库区新8号仓","252","南库区新8号仓","2026/3/9 12:09:11","2026/3/9 12:09:11","19.40","62.00","16.00","59.00","266","99.00","14.80","40.80","董磊","2","混合小麦","0","88","董磊","","","","","161","仓储管理部","100101006","陕西省储备粮扶风直属库有限公司","ded0cad24b004bb8b9260ef15ee93e5d","n","","1","0.00","0.00"
"692863d372724b71919ec9563593badd","2246","南库区老10号仓","597","南库区老10号仓","2026/3/23 10:08:07","2026/3/23 10:08:07","18.20","76.00","14.00","60.00","182","99.00","11.60","31.80","董磊","2","混合小麦","0","88","董磊","","","","","161","仓储管理部","100101006","陕西省储备粮扶风直属库有限公司","ded0cad24b004bb8b9260ef15ee93e5d","i","2026/3/23 10:08:08","1","0.00","0.00"
"6b1040751db9455ca2f79901a2179924","2230","南库区新5号仓","249","南库区新5号仓","2026/3/16 16:19:04","2026/3/16 16:19:04","20.20","61.00","14.00","59.00","266","99.00","15.20","40.00","董磊","2","混合小麦","0","88","董磊","","","","","161","仓储管理部","100101006","陕西省储备粮扶风直属库有限公司","ded0cad24b004bb8b9260ef15ee93e5d","n","","1","0.00","0.00"
"6edd9dec84a24a5fb76589158dc66194","2227","南库区新2号仓","246","南库区新2号仓","2026/3/23 10:43:01","2026/3/23 10:43:01","19.00","63.00","14.00","60.00","266","99.00","15.30","45.20","董磊","2","混合小麦","0","88","董磊","","","","","161","仓储管理部","100101006","陕西省储备粮扶风直属库有限公司","ded0cad24b004bb8b9260ef15ee93e5d","n","","1","0.00","0.00"
"6f55e44ec05448abbf80085a79352abf","2555","南库区新9号仓","253","南库区新9号仓","2026/2/12 09:07:51","2026/2/12 09:07:51","20.00","64.00","3.30","55.00","266","99.00","15.00","41.80","董磊","2","混合小麦","0","88","董磊","","","","","161","仓储管理部","100101006","陕西省储备粮扶风直属库有限公司","ded0cad24b004bb8b9260ef15ee93e5d","i","2026/2/12 09:07:52","1","0.00","0.00"
"7051169c11bf4a628b89c0d54d3e0258","2226","南库区新1号仓","245","南库区新1号仓","2026/3/23 10:09:44","2026/3/23 10:09:44","19.40","66.00","14.00","60.00","266","99.00","14.20","45.50","董磊","2","混合小麦","0","88","董磊","","","","","161","仓储管理部","100101006","陕西省储备粮扶风直属库有限公司","ded0cad24b004bb8b9260ef15ee93e5d","i","2026/3/23 10:09:44","1","0.00","0.00"
"72919754c11046d8ae4c0198f3bcc373","2555","南库区新9号仓","253","南库区新9号仓","2026/2/5 11:02:39","2026/2/5 11:02:39","20.20","63.00","11.60","57.00","266","99.00","15.10","41.80","董磊","2","混合小麦","0","88","董磊","","","","","161","仓储管理部","100101006","陕西省储备粮扶风直属库有限公司","ded0cad24b004bb8b9260ef15ee93e5d","i","2026/2/5 11:02:40","1","0.00","0.00"
"753da015c8574b439bc74808dda2b327","2237","南库区新12号仓","256","南库区新12号仓","2026/3/30 17:41:54","2026/3/30 17:41:54","","","22.30","59.00","266","99.00","14.20","44.70","董磊","2","混合小麦","0","88","董磊","","","","","161","仓储管理部","100101006","陕西省储备粮扶风直属库有限公司","ded0cad24b004bb8b9260ef15ee93e5d","n","","1","0.00","0.00"
"75bc2785d25e491d929693701f92e01f","2244","南库区老6号仓","263","南库区老6号仓","2026/3/9 12:05:58","2026/3/9 12:05:58","14.30","61.00","16.00","59.00","266","21.50","14.00","18.50","董磊","2","混合小麦","0","88","董磊","","","","","161","仓储管理部","100101006","陕西省储备粮扶风直属库有限公司","ded0cad24b004bb8b9260ef15ee93e5d","i","2026/3/9 12:05:58","1","0.00","0.00"
"768bb4655d0b42018f26a22812753b99","2232","南库区新7号仓","251","南库区新7号仓","2026/3/30 17:31:30","2026/3/30 17:31:30","20.00","60.00","22.30","59.00","266","99.00","15.20","39.50","董磊","2","混合小麦","0","88","董磊","","","","","161","仓储管理部","100101006","陕西省储备粮扶风直属库有限公司","ded0cad24b004bb8b9260ef15ee93e5d","i","2026/3/30 17:31:31","1","0.00","0.00"
"7ac71acf978c4be0b243c8a6f1d11b8b","2232","南库区新7号仓","251","南库区新7号仓","2026/3/9 12:07:34","2026/3/9 12:07:34","20.40","60.00","16.00","59.00","266","99.00","15.20","39.50","董磊","2","混合小麦","0","88","董磊","","","","","161","仓储管理部","100101006","陕西省储备粮扶风直属库有限公司","ded0cad24b004bb8b9260ef15ee93e5d","i","2026/3/9 12:07:34","1","0.00","0.00"
"7b7cb1117db941c390127672f677deb2","2231","南库区新6号仓","250","南库区新6号仓","2026/3/4 16:53:06","2026/3/4 16:53:06","20.30","60.00","19.70","55.00","252","99.00","-10.80","43.20","董磊","2","混合小麦","0","88","董磊","","","","","161","仓储管理部","100101006","陕西省储备粮扶风直属库有限公司","ded0cad24b004bb8b9260ef15ee93e5d","n","","1","0.00","0.00"
"80b1355611e04815b670173ea3f6b30c","2555","南库区新9号仓","253","南库区新9号仓","2026/3/16 16:51:35","2026/3/16 16:51:35","19.10","64.00","","","266","19.50","15.10","16.60","董磊","2","混合小麦","0","88","董磊","","","","","161","仓储管理部","100101006","陕西省储备粮扶风直属库有限公司","ded0cad24b004bb8b9260ef15ee93e5d","n","","1","0.00","0.00"
"818a4c42553343dcae13d85913ad8556","2244","南库区老6号仓","263","南库区老6号仓","2026/3/23 10:51:25","2026/3/23 10:51:25","14.50","61.00","14.00","60.00","266","21.30","14.10","18.40","董磊","2","混合小麦","0","88","董磊","","","","","161","仓储管理部","100101006","陕西省储备粮扶风直属库有限公司","ded0cad24b004bb8b9260ef15ee93e5d","i","2026/3/23 10:51:25","1","0.00","0.00"
"84ded8aeb6514459850241e129cad84b","2228","南库区新3号仓","247","南库区新3号仓","2026/3/30 17:16:43","2026/3/30 17:16:43","19.50","52.00","22.30","59.00","266","99.00","15.30","41.20","董磊","2","混合小麦","0","88","董磊","","","","","161","仓储管理部","100101006","陕西省储备粮扶风直属库有限公司","ded0cad24b004bb8b9260ef15ee93e5d","n","","1","0.00","0.00"
"860c168f889040d6a3b9451090a0cefc","2231","南库区新6号仓","250","南库区新6号仓","2026/2/12 09:04:38","2026/2/12 09:04:38","21.00","59.00","3.30","55.00","252","99.00","-10.90","43.20","董磊","2","混合小麦","0","88","董磊","","","","","161","仓储管理部","100101006","陕西省储备粮扶风直属库有限公司","ded0cad24b004bb8b9260ef15ee93e5d","i","2026/2/12 09:04:39","1","0.00","0.00"
"88628964a3824243bfabcc559b761510","2236","南库区新11号仓","255","南库区新11号仓","2026/2/12 09:11:04","2026/2/12 09:11:04","22.60","59.00","3.30","55.00","266","99.00","14.30","39.90","董磊","2","混合小麦","0","88","董磊","","","","","161","仓储管理部","100101006","陕西省储备粮扶风直属库有限公司","ded0cad24b004bb8b9260ef15ee93e5d","i","2026/2/12 09:11:04","1","0.00","0.00"
"8880026adbd34e4e9ae05c2663fa0f15","2233","南库区新8号仓","252","南库区新8号仓","2026/3/23 10:55:49","2026/3/23 10:55:49","19.20","62.00","14.00","60.00","266","99.00","15.00","40.70","董磊","2","混合小麦","0","88","董磊","","","","","161","仓储管理部","100101006","陕西省储备粮扶风直属库有限公司","ded0cad24b004bb8b9260ef15ee93e5d","i","2026/3/23 10:55:49","1","0.00","0.00"
"8a9381fc097a440485dd0552251d4700","2226","南库区新1号仓","245","南库区新1号仓","2026/2/12 08:53:19","2026/2/12 08:53:19","20.50","65.00","3.00","56.00","266","99.00","13.80","45.50","董磊","2","混合小麦","0","88","董磊","","","","","161","仓储管理部","100101006","陕西省储备粮扶风直属库有限公司","ded0cad24b004bb8b9260ef15ee93e5d","i","2026/2/12 08:53:19","1","0.00","0.00"
"8c61fab8190a4520ae4c64460ac7d763","2244","南库区老6号仓","263","南库区老6号仓","2026/2/12 09:01:51","2026/2/12 09:01:51","14.10","61.00","3.30","55.00","266","21.80","13.70","18.50","董磊","2","混合小麦","0","88","董磊","","","","","161","仓储管理部","100101006","陕西省储备粮扶风直属库有限公司","ded0cad24b004bb8b9260ef15ee93e5d","i","2026/2/12 09:01:52","1","0.00","0.00"
"8c639887735744b7aea84fc97f66e63d","2226","南库区新1号仓","245","南库区新1号仓","2026/3/9 11:56:14","2026/3/9 11:56:14","19.60","65.00","16.00","59.00","266","99.00","14.10","45.50","董磊","2","混合小麦","0","88","董磊","","","","","161","仓储管理部","100101006","陕西省储备粮扶风直属库有限公司","ded0cad24b004bb8b9260ef15ee93e5d","i","2026/3/9 11:56:14","1","0.00","0.00"
"8cee402f76ea4dca9c37fa4bae8b1e7d","2232","南库区新7号仓","251","南库区新7号仓","2026/3/16 16:27:00","2026/3/16 16:27:00","20.20","61.00","14.00","59.00","266","99.00","15.20","39.50","董磊","2","混合小麦","0","88","董磊","","","","","161","仓储管理部","100101006","陕西省储备粮扶风直属库有限公司","ded0cad24b004bb8b9260ef15ee93e5d","n","","1","0.00","0.00"
"8e63bd530bb74531bcef982f53f6a349","2229","南库区新4号仓","248","南库区新4号仓","2026/2/3 17:23:24","2026/2/3 17:23:24","19.20","51.00","","","252","21.10","11.80","17.60","董磊","2","混合小麦","0","88","董磊","","","","","161","仓储管理部","100101006","陕西省储备粮扶风直属库有限公司","ded0cad24b004bb8b9260ef15ee93e5d","i","2026/2/3 17:25:01","1","0.00","0.00"
"8e88c83769c54a0580f4f193cd585ca3","2230","南库区新5号仓","249","南库区新5号仓","2026/2/12 08:58:44","2026/2/12 08:58:44","20.90","59.00","3.30","55.00","266","99.00","15.10","40.20","董磊","2","混合小麦","0","88","董磊","","","","","161","仓储管理部","100101006","陕西省储备粮扶风直属库有限公司","ded0cad24b004bb8b9260ef15ee93e5d","i","2026/2/12 08:58:45","1","0.00","0.00"
"910172ca4f6e44b5b0dd99f24c95c77e","2239","南库区新14号仓","258","南库区新14号仓","2026/3/16 16:45:49","2026/3/16 16:45:49","17.80","46.00","14.00","59.00","252","99.00","12.80","44.80","董磊","2","混合小麦","0","88","董磊","","","","","161","仓储管理部","100101006","陕西省储备粮扶风直属库有限公司","ded0cad24b004bb8b9260ef15ee93e5d","n","","1","0.00","0.00"
"92255c18d22343d7b6f3690b9ae9a68b","2247","南库区老11号仓","265","南库区老11号仓","2026/3/23 11:04:19","2026/3/23 11:04:19","12.20","67.00","14.00","60.00","182","99.00","12.00","30.40","董磊","2","混合小麦","0","88","董磊","","","","","161","仓储管理部","100101006","陕西省储备粮扶风直属库有限公司","ded0cad24b004bb8b9260ef15ee93e5d","i","2026/3/23 11:04:19","1","0.00","0.00"
"92c16ad32bae42c2a15beae7a432452c","2240","南库区新15号仓","259","南库区新15号仓","2026/2/24 12:30:06","2026/2/24 12:30:06","21.00","48.00","8.60","57.00","196","99.00","6.50","28.90","董磊","2","混合小麦","0","88","董磊","","","","","161","仓储管理部","100101006","陕西省储备粮扶风直属库有限公司","ded0cad24b004bb8b9260ef15ee93e5d","i","2026/2/24 12:30:06","1","0.00","0.00"
"9401594005be465ab6da0656ee6b3c22","2237","南库区新12号仓","256","南库区新12号仓","2026/3/9 12:17:58","2026/3/9 12:17:58","","","16.00","59.00","266","99.00","14.20","44.70","董磊","2","混合小麦","0","88","董磊","","","","","161","仓储管理部","100101006","陕西省储备粮扶风直属库有限公司","ded0cad24b004bb8b9260ef15ee93e5d","n","","1","0.00","0.00"
"94da528a018846fd8396ec81c6411d4f","2239","南库区新14号仓","258","南库区新14号仓","2026/3/9 12:22:11","2026/3/9 12:22:11","17.90","44.00","16.00","59.00","252","99.00","12.70","44.70","董磊","2","混合小麦","0","88","董磊","","","","","161","仓储管理部","100101006","陕西省储备粮扶风直属库有限公司","ded0cad24b004bb8b9260ef15ee93e5d","i","2026/3/9 12:22:12","1","0.00","0.00"
"96ba98fcad804553882a8a96246b9b9c","2227","南库区新2号仓","246","南库区新2号仓","2026/2/12 08:54:55","2026/2/12 08:54:55","20.00","63.00","3.00","56.00","266","99.00","-15.30","43.90","董磊","2","混合小麦","0","88","董磊","","","","","161","仓储管理部","100101006","陕西省储备粮扶风直属库有限公司","ded0cad24b004bb8b9260ef15ee93e5d","i","2026/2/26 03:01:01","1","0.00","0.00"
"9787c5df620744b0a87c3b068a74809c","2244","南库区老6号仓","263","南库区老6号仓","2026/3/4 16:57:27","2026/3/4 16:57:27","14.30","61.00","19.70","55.00","266","21.60","14.00","18.50","董磊","2","混合小麦","0","88","董磊","","","","","161","仓储管理部","100101006","陕西省储备粮扶风直属库有限公司","ded0cad24b004bb8b9260ef15ee93e5d","i","2026/3/4 16:57:28","1","0.00","0.00"
"979401f75fff44b881970eeee22fcf39","2227","南库区新2号仓","246","南库区新2号仓","2026/3/9 11:57:50","2026/3/9 11:57:50","19.50","62.00","16.00","59.00","266","99.00","15.30","45.00","董磊","2","混合小麦","0","88","董磊","","","","","161","仓储管理部","100101006","陕西省储备粮扶风直属库有限公司","ded0cad24b004bb8b9260ef15ee93e5d","i","2026/3/9 11:57:50","1","0.00","0.00"
"9ad8ecfaaca74c66a8fd86bcb0b89709","2226","南库区新1号仓","245","南库区新1号仓","2026/3/30 17:19:30","2026/3/30 17:19:30","19.20","66.00","22.30","59.00","266","99.00","14.20","45.50","董磊","2","混合小麦","0","88","董磊","","","","","161","仓储管理部","100101006","陕西省储备粮扶风直属库有限公司","ded0cad24b004bb8b9260ef15ee93e5d","i","2026/3/30 17:19:31","1","0.00","0.00"
"9d03205c0a944b9e9d1705a2967ecc14","2555","南库区新9号仓","253","南库区新9号仓","2026/3/30 17:35:54","2026/3/30 17:35:54","18.80","64.00","22.30","59.00","266","99.00","15.10","41.80","董磊","2","混合小麦","0","88","董磊","","","","","161","仓储管理部","100101006","陕西省储备粮扶风直属库有限公司","ded0cad24b004bb8b9260ef15ee93e5d","n","","1","0.00","0.00"
"a11c54d6c6e84d9cad5095488d0dc9ab","2236","南库区新11号仓","255","南库区新11号仓","2026/2/12 09:15:27","2026/2/12 09:15:27","22.80","58.00","3.30","55.00","266","99.00","14.30","39.90","董磊","2","混合小麦","0","88","董磊","","","","","161","仓储管理部","100101006","陕西省储备粮扶风直属库有限公司","ded0cad24b004bb8b9260ef15ee93e5d","i","2026/2/12 09:15:28","1","0.00","0.00"
"a3046169d13c45039acf26c261c06060","2230","南库区新5号仓","249","南库区新5号仓","2026/2/24 12:02:55","2026/2/24 12:02:55","20.60","60.00","8.60","57.00","266","99.00","15.20","40.10","董磊","2","混合小麦","0","88","董磊","","","","","161","仓储管理部","100101006","陕西省储备粮扶风直属库有限公司","ded0cad24b004bb8b9260ef15ee93e5d","i","2026/2/24 12:02:55","1","0.00","0.00"
"a332318b6e3347169ff523dc839f2684","2233","南库区新8号仓","252","南库区新8号仓","2026/3/30 17:33:07","2026/3/30 17:33:07","19.00","61.00","22.30","59.00","266","99.00","15.00","40.70","董磊","2","混合小麦","0","88","董磊","","","","","161","仓储管理部","100101006","陕西省储备粮扶风直属库有限公司","ded0cad24b004bb8b9260ef15ee93e5d","n","","1","0.00","0.00"
"aa76a83a8a21464cb01bdf01567a94b9","2236","南库区新11号仓","255","南库区新11号仓","2026/3/23 11:02:55","2026/3/23 11:02:55","22.10","60.00","14.00","60.00","266","99.00","14.60","39.90","董磊","2","混合小麦","0","88","董磊","","","","","161","仓储管理部","100101006","陕西省储备粮扶风直属库有限公司","ded0cad24b004bb8b9260ef15ee93e5d","n","","1","0.00","0.00"
"ac08e67d63464c0da47c8ce35aea92bc","2246","南库区老10号仓","597","南库区老10号仓","2026/2/12 08:56:30","2026/2/12 08:56:30","15.30","75.00","3.30","55.00","182","99.00","13.00","33.60","董磊","2","混合小麦","0","88","董磊","","","","","161","仓储管理部","100101006","陕西省储备粮扶风直属库有限公司","ded0cad24b004bb8b9260ef15ee93e5d","i","2026/2/12 08:56:31","1","0.00","0.00"
"b266389bbc3845749d5727a2e8c98b06","2229","南库区新4号仓","248","南库区新4号仓","2026/3/30 17:23:49","2026/3/30 17:23:49","18.60","57.00","22.30","59.00","252","99.00","10.70","40.60","董磊","2","混合小麦","0","88","董磊","","","","","161","仓储管理部","100101006","陕西省储备粮扶风直属库有限公司","ded0cad24b004bb8b9260ef15ee93e5d","i","2026/3/30 17:23:49","1","0.00","0.00"
"b29f0c8201fc489dabed3047bf435434","2231","南库区新6号仓","250","南库区新6号仓","2026/3/9 12:04:22","2026/3/9 12:04:22","20.20","60.00","16.00","59.00","252","99.00","-10.80","43.20","董磊","2","混合小麦","0","88","董磊","","","","","161","仓储管理部","100101006","陕西省储备粮扶风直属库有限公司","ded0cad24b004bb8b9260ef15ee93e5d","n","","1","0.00","0.00"
"b2faaefe9a314d6497b9b75775cedbe4","2248","南库区老12号仓","266","南库区老12号仓","2026/3/23 11:07:37","2026/3/23 11:07:37","15.10","70.00","14.00","60.00","182","99.00","14.60","31.90","董磊","2","混合小麦","0","88","董磊","","","","","161","仓储管理部","100101006","陕西省储备粮扶风直属库有限公司","ded0cad24b004bb8b9260ef15ee93e5d","n","","1","0.00","0.00"
"b3419bd6a4364b49b3af89daf59176da","2246","南库区老10号仓","597","南库区老10号仓","2026/3/16 16:10:37","2026/3/16 16:10:37","17.40","71.00","14.00","59.00","182","99.00","9.60","29.90","董磊","2","混合小麦","0","88","董磊","","","","","161","仓储管理部","100101006","陕西省储备粮扶风直属库有限公司","ded0cad24b004bb8b9260ef15ee93e5d","n","","1","0.00","0.00"
"b495f36010a14660a41365bd388e1f25","2229","南库区新4号仓","248","南库区新4号仓","2026/2/12 08:56:26","2026/2/12 08:56:26","19.40","53.00","3.30","55.00","252","99.00","10.30","40.40","董磊","2","混合小麦","0","88","董磊","","","","","161","仓储管理部","100101006","陕西省储备粮扶风直属库有限公司","ded0cad24b004bb8b9260ef15ee93e5d","i","2026/2/12 08:56:26","1","0.00","0.00"
"b5b024ca2ed348f08c3b1ef564cf60ce","2230","南库区新5号仓","249","南库区新5号仓","2026/3/9 12:02:50","2026/3/9 12:02:50","20.20","61.00","16.00","59.00","266","99.00","15.20","40.10","董磊","2","混合小麦","0","88","董磊","","","","","161","仓储管理部","100101006","陕西省储备粮扶风直属库有限公司","ded0cad24b004bb8b9260ef15ee93e5d","i","2026/3/9 12:02:51","1","0.00","0.00"
"b75e594cedad446cb0e3acff198af561","2228","南库区新3号仓","247","南库区新3号仓","2026/2/12 08:55:19","2026/2/12 08:55:19","21.10","52.00","3.30","55.00","266","99.00","15.30","41.30","董磊","2","混合小麦","0","88","董磊","","","","","161","仓储管理部","100101006","陕西省储备粮扶风直属库有限公司","ded0cad24b004bb8b9260ef15ee93e5d","i","2026/2/12 08:55:20","1","0.00","0.00"
"b83eb0cc08c74092ae88f87608d49ce7","2241","南库区新16号仓","260","南库区新16号仓","2026/3/16 16:49:54","2026/3/16 16:49:54","17.70","53.00","14.00","59.00","196","99.00","5.60","26.40","董磊","2","混合小麦","0","88","董磊","","","","","161","仓储管理部","100101006","陕西省储备粮扶风直属库有限公司","ded0cad24b004bb8b9260ef15ee93e5d","n","","1","0.00","0.00"
"b9df7eaebee54abba03a6552a7f3ffca","2246","南库区老10号仓","597","南库区老10号仓","2026/3/9 11:54:38","2026/3/9 11:54:38","15.10","74.00","16.00","59.00","182","99.00","-8.50","33.50","董磊","2","混合小麦","0","88","董磊","","","","","161","仓储管理部","100101006","陕西省储备粮扶风直属库有限公司","ded0cad24b004bb8b9260ef15ee93e5d","i","2026/3/9 11:54:38","1","0.00","0.00"
"bba8119443d04a69b982ad5de6a5aab2","2237","南库区新12号仓","256","南库区新12号仓","2026/2/24 12:23:42","2026/2/24 12:23:42","","","8.60","57.00","266","99.00","14.10","44.70","董磊","2","混合小麦","0","88","董磊","","","","","161","仓储管理部","100101006","陕西省储备粮扶风直属库有限公司","ded0cad24b004bb8b9260ef15ee93e5d","i","2026/2/24 12:23:42","1","0.00","0.00"
"bf26125ab7f440afbbc61db1a8b4cf13","2233","南库区新8号仓","252","南库区新8号仓","2026/2/5 10:59:52","2026/2/5 10:59:52","20.30","59.00","11.60","57.00","266","99.00","14.80","40.80","董磊","2","混合小麦","0","88","董磊","","","","","161","仓储管理部","100101006","陕西省储备粮扶风直属库有限公司","ded0cad24b004bb8b9260ef15ee93e5d","i","2026/2/5 10:59:52","1","0.00","0.00"
"c36754201cde484a85bade6fe05e0f7b","2241","南库区新16号仓","260","南库区新16号仓","2026/3/4 17:26:28","2026/3/4 17:26:28","18.00","53.00","19.70","55.00","196","99.00","5.30","26.30","董磊","2","混合小麦","0","88","董磊","","","","","161","仓储管理部","100101006","陕西省储备粮扶风直属库有限公司","ded0cad24b004bb8b9260ef15ee93e5d","i","2026/3/4 17:26:29","1","0.00","0.00"
"c458df0e00344371b9c253106c530411","2229","南库区新4号仓","248","南库区新4号仓","2026/3/23 10:45:44","2026/3/23 10:45:44","18.60","57.00","14.00","60.00","252","99.00","10.80","40.60","董磊","2","混合小麦","0","88","董磊","","","","","161","仓储管理部","100101006","陕西省储备粮扶风直属库有限公司","ded0cad24b004bb8b9260ef15ee93e5d","i","2026/3/23 10:45:44","1","0.00","0.00"
"c58b9d2c5b6b4545a023865f51a39c71","2246","南库区老10号仓","597","南库区老10号仓","2026/3/23 10:39:48","2026/3/23 10:39:48","18.10","76.00","14.00","60.00","182","99.00","10.20","31.80","董磊","2","混合小麦","0","88","董磊","","","","","161","仓储管理部","100101006","陕西省储备粮扶风直属库有限公司","ded0cad24b004bb8b9260ef15ee93e5d","i","2026/3/23 10:39:49","1","0.00","0.00"
"c7621a058d9742cd9ead8eae01195523","2247","南库区老11号仓","265","南库区老11号仓","2026/3/9 12:16:21","2026/3/9 12:16:21","12.10","68.00","16.00","59.00","182","99.00","12.00","30.40","董磊","2","混合小麦","0","88","董磊","","","","","161","仓储管理部","100101006","陕西省储备粮扶风直属库有限公司","ded0cad24b004bb8b9260ef15ee93e5d","i","2026/3/9 12:16:22","1","0.00","0.00"
"c7d734c7786e461d9c180fd8e12e6af6","2231","南库区新6号仓","250","南库区新6号仓","2026/2/5 10:55:03","2026/2/5 10:55:03","21.20","59.00","11.60","57.00","252","99.00","-10.90","43.20","董磊","2","混合小麦","0","88","董磊","","","","","161","仓储管理部","100101006","陕西省储备粮扶风直属库有限公司","ded0cad24b004bb8b9260ef15ee93e5d","i","2026/2/5 10:55:03","1","0.00","0.00"
"caaa6961c24e4fa6b3a97d0fa8f3b53b","2226","南库区新1号仓","245","南库区新1号仓","2026/1/21 08:56:39","2026/1/21 08:56:39","21.30","65.00","","","266","22.00","13.70","18.30","董磊","2","混合小麦","0","88","董磊","","","","","161","仓储管理部","100101006","陕西省储备粮扶风直属库有限公司","ded0cad24b004bb8b9260ef15ee93e5d","i","2026/2/26 03:01:01","1","0.00","0.00"
"cbc068825e8e42afa5c4da9b54eed13b","2226","南库区新1号仓","245","南库区新1号仓","2026/2/5 10:46:53","2026/2/5 10:46:53","20.60","65.00","11.60","57.00","266","99.00","13.80","45.50","董磊","2","混合小麦","0","88","董磊","","","","","161","仓储管理部","100101006","陕西省储备粮扶风直属库有限公司","ded0cad24b004bb8b9260ef15ee93e5d","i","2026/2/5 10:46:54","1","0.00","0.00"
"cc780b72bb5542279c5db6dc924962a3","2242","南库区老2号仓","261","南库区老2号仓","2026/3/16 16:15:01","2026/3/16 16:15:01","16.80","67.00","14.00","59.00","182","99.00","14.80","33.40","董磊","2","混合小麦","0","88","董磊","","","","","161","仓储管理部","100101006","陕西省储备粮扶风直属库有限公司","ded0cad24b004bb8b9260ef15ee93e5d","n","","1","0.00","0.00"
"cd42d6df46d64d99a1493b7a3fd2ca0e","2244","南库区老6号仓","263","南库区老6号仓","2026/2/24 12:09:30","2026/2/24 12:09:30","14.30","61.00","8.60","57.00","266","21.70","13.80","18.50","董磊","2","混合小麦","0","88","董磊","","","","","161","仓储管理部","100101006","陕西省储备粮扶风直属库有限公司","ded0cad24b004bb8b9260ef15ee93e5d","i","2026/2/24 12:09:30","1","0.00","0.00"
"cdf37ce058634567a2d150da60500487","2238","南库区新13号仓","257","南库区新13号仓","2026/3/16 16:42:01","2026/3/16 16:42:01","20.00","63.00","14.00","59.00","252","99.00","14.80","44.30","董磊","2","混合小麦","0","88","董磊","","","","","161","仓储管理部","100101006","陕西省储备粮扶风直属库有限公司","ded0cad24b004bb8b9260ef15ee93e5d","n","","1","0.00","0.00"
"ce8a44581b1a4022967406c3102f7387","2230","南库区新5号仓","249","南库区新5号仓","2026/2/5 10:53:31","2026/2/5 10:53:31","20.90","56.00","11.60","57.00","266","99.00","15.10","40.20","董磊","2","混合小麦","0","88","董磊","","","","","161","仓储管理部","100101006","陕西省储备粮扶风直属库有限公司","ded0cad24b004bb8b9260ef15ee93e5d","i","2026/2/5 10:53:32","1","0.00","0.00"
"cffaab041600481f8c3db059741575cb","2233","南库区新8号仓","252","南库区新8号仓","2026/3/4 17:01:51","2026/3/4 17:01:51","19.60","62.00","19.70","55.00","266","99.00","14.80","40.80","董磊","2","混合小麦","0","88","董磊","","","","","161","仓储管理部","100101006","陕西省储备粮扶风直属库有限公司","ded0cad24b004bb8b9260ef15ee93e5d","n","","1","0.00","0.00"
"d203c785b4c94d1685a91696d1972f1d","2247","南库区老11号仓","265","南库区老11号仓","2026/3/4 17:13:35","2026/3/4 17:13:35","12.20","68.00","19.70","55.00","182","99.00","12.00","30.50","董磊","2","混合小麦","0","88","董磊","","","","","161","仓储管理部","100101006","陕西省储备粮扶风直属库有限公司","ded0cad24b004bb8b9260ef15ee93e5d","i","2026/3/4 17:13:35","1","0.00","0.00"
"d35785efd9af47f395a77e4c44883f36","2228","南库区新3号仓","247","南库区新3号仓","2026/3/23 10:38:37","2026/3/23 10:38:37","18.10","48.00","14.00","60.00","266","99.00","15.30","41.20","董磊","2","混合小麦","0","88","董磊","","","","","161","仓储管理部","100101006","陕西省储备粮扶风直属库有限公司","ded0cad24b004bb8b9260ef15ee93e5d","i","2026/3/23 10:38:38","1","0.00","0.00"
"d5069b4129bb43e1a9b78fc55eddb885","2246","南库区老10号仓","597","南库区老10号仓","2026/3/4 16:41:36","2026/3/4 16:41:36","15.40","75.00","19.70","55.00","182","99.00","-15.30","33.40","董磊","2","混合小麦","0","88","董磊","","","","","161","仓储管理部","100101006","陕西省储备粮扶风直属库有限公司","ded0cad24b004bb8b9260ef15ee93e5d","n","","1","0.00","0.00"
"d8c84d109ba343c88c527c65f5787b7c","2246","南库区老10号仓","597","南库区老10号仓","2026/2/24 11:54:36","2026/2/24 11:54:36","15.50","75.00","8.60","57.00","182","99.00","-38.90","33.20","董磊","2","混合小麦","0","88","董磊","","","","","161","仓储管理部","100101006","陕西省储备粮扶风直属库有限公司","ded0cad24b004bb8b9260ef15ee93e5d","i","2026/2/24 11:54:37","1","0.00","0.00"
"dc1389fcbf78481d890dad3bbc80af52","2233","南库区新8号仓","252","南库区新8号仓","2026/2/12 09:09:27","2026/2/12 09:09:27","20.30","61.00","3.30","55.00","266","99.00","14.80","40.80","董磊","2","混合小麦","0","88","董磊","","","","","161","仓储管理部","100101006","陕西省储备粮扶风直属库有限公司","ded0cad24b004bb8b9260ef15ee93e5d","i","2026/2/12 09:09:28","1","0.00","0.00"
"dc45d89061c7435db0c1704bd8492986","2229","南库区新4号仓","248","南库区新4号仓","2026/3/9 12:00:32","2026/3/9 12:00:32","19.00","56.00","16.00","59.00","252","99.00","10.70","40.50","董磊","2","混合小麦","0","88","董磊","","","","","161","仓储管理部","100101006","陕西省储备粮扶风直属库有限公司","ded0cad24b004bb8b9260ef15ee93e5d","i","2026/3/9 12:00:32","1","0.00","0.00"
"dcf4ed23899a4a479ef0e354be9d03bf","2246","南库区老10号仓","597","南库区老10号仓","2026/3/16 15:54:09","2026/3/16 15:54:09","17.50","71.00","13.30","61.00","182","99.00","8.10","29.80","董磊","2","混合小麦","0","88","董磊","","","","","161","仓储管理部","100101006","陕西省储备粮扶风直属库有限公司","ded0cad24b004bb8b9260ef15ee93e5d","n","","1","0.00","0.00"
"dd3ddd1212ad4705a976e130517a2681","2226","南库区新1号仓","245","南库区新1号仓","2026/2/12 08:58:07","2026/2/12 08:58:07","20.40","65.00","3.30","55.00","266","99.00","14.00","45.50","董磊","2","混合小麦","0","88","董磊","","","","","161","仓储管理部","100101006","陕西省储备粮扶风直属库有限公司","ded0cad24b004bb8b9260ef15ee93e5d","i","2026/2/12 08:58:08","1","0.00","0.00"
"ddc602ee877e435da4e97c5364c0ac16","2248","南库区老12号仓","266","南库区老12号仓","2026/3/9 12:19:09","2026/3/9 12:19:09","15.00","70.00","16.00","59.00","182","99.00","14.50","31.90","董磊","2","混合小麦","0","88","董磊","","","","","161","仓储管理部","100101006","陕西省储备粮扶风直属库有限公司","ded0cad24b004bb8b9260ef15ee93e5d","n","","1","0.00","0.00"
"dde64c798fdf46f79ed250daae76275c","2227","南库区新2号仓","246","南库区新2号仓","2026/3/23 10:11:20","2026/3/23 10:11:20","19.10","63.00","14.00","60.00","266","99.00","15.30","45.20","董磊","2","混合小麦","0","88","董磊","","","","","161","仓储管理部","100101006","陕西省储备粮扶风直属库有限公司","ded0cad24b004bb8b9260ef15ee93e5d","n","","1","0.00","0.00"
"e194a493c62e4168820de192301c6e90","2238","南库区新13号仓","257","南库区新13号仓","2026/2/12 09:16:33","2026/2/12 09:16:33","21.00","62.00","3.30","55.00","252","99.00","14.80","44.30","董磊","2","混合小麦","0","88","董磊","","","","","161","仓储管理部","100101006","陕西省储备粮扶风直属库有限公司","ded0cad24b004bb8b9260ef15ee93e5d","i","2026/2/12 09:16:34","1","0.00","0.00"
"e335ea9432664346ad6d2b666cbf724d","2231","南库区新6号仓","250","南库区新6号仓","2026/3/16 16:22:41","2026/3/16 16:22:41","20.00","60.00","14.00","59.00","252","99.00","-10.80","43.20","董磊","2","混合小麦","0","88","董磊","","","","","161","仓储管理部","100101006","陕西省储备粮扶风直属库有限公司","ded0cad24b004bb8b9260ef15ee93e5d","n","","1","0.00","0.00"
"e3dba622543c4172966ec94a8d60fc49","2238","南库区新13号仓","257","南库区新13号仓","2026/3/4 17:19:36","2026/3/4 17:19:36","20.40","63.00","19.70","55.00","252","99.00","14.80","44.30","董磊","2","混合小麦","0","88","董磊","","","","","161","仓储管理部","100101006","陕西省储备粮扶风直属库有限公司","ded0cad24b004bb8b9260ef15ee93e5d","i","2026/3/4 17:19:36","1","0.00","0.00"
"e5869ed03abb4e989e2b3b2d1f26eeb2","2238","南库区新13号仓","257","南库区新13号仓","2026/3/30 17:44:36","2026/3/30 17:44:36","19.80","63.00","22.30","59.00","252","99.00","14.80","44.30","董磊","2","混合小麦","0","88","董磊","","","","","161","仓储管理部","100101006","陕西省储备粮扶风直属库有限公司","ded0cad24b004bb8b9260ef15ee93e5d","i","2026/3/30 17:44:37","1","0.00","0.00"
"e602d7a0cce540e084f68fc87d2f7fde","2232","南库区新7号仓","251","南库区新7号仓","2026/3/23 10:53:26","2026/3/23 10:53:26","20.10","61.00","14.00","60.00","266","99.00","15.20","39.50","董磊","2","混合小麦","0","88","董磊","","","","","161","仓储管理部","100101006","陕西省储备粮扶风直属库有限公司","ded0cad24b004bb8b9260ef15ee93e5d","i","2026/3/23 10:53:26","1","0.00","0.00"
"e6eecd12dcc04630914589e1816b5457","2247","南库区老11号仓","265","南库区老11号仓","2026/2/12 09:12:15","2026/2/12 09:12:15","12.20","68.00","3.30","55.00","182","99.00","12.10","30.50","董磊","2","混合小麦","0","88","董磊","","","","","161","仓储管理部","100101006","陕西省储备粮扶风直属库有限公司","ded0cad24b004bb8b9260ef15ee93e5d","i","2026/2/12 09:12:15","1","0.00","0.00"
"e6fd951625e74461b017027ceb74cd04","2229","南库区新4号仓","248","南库区新4号仓","2026/3/23 10:14:02","2026/3/23 10:14:02","18.70","57.00","14.00","60.00","252","99.00","10.80","40.60","董磊","2","混合小麦","0","88","董磊","","","","","161","仓储管理部","100101006","陕西省储备粮扶风直属库有限公司","ded0cad24b004bb8b9260ef15ee93e5d","i","2026/3/23 10:14:03","1","0.00","0.00"
"e71e5e283a384f76b9adce3af7d6092f","2245","南库区老8号仓","264","南库区老8号仓","2026/2/5 11:01:03","2026/2/5 11:01:03","15.10","74.00","11.60","57.00","182","99.00","14.30","39.90","董磊","2","混合小麦","0","88","董磊","","","","","161","仓储管理部","100101006","陕西省储备粮扶风直属库有限公司","ded0cad24b004bb8b9260ef15ee93e5d","i","2026/2/26 03:01:02","1","0.00","0.00"
"ea550f7bb01f4f0e9d8714c80bb05c92","2226","南库区新1号仓","245","南库区新1号仓","2026/3/23 10:41:25","2026/3/23 10:41:25","19.40","66.00","14.00","60.00","266","99.00","14.10","45.50","董磊","2","混合小麦","0","88","董磊","","","","","161","仓储管理部","100101006","陕西省储备粮扶风直属库有限公司","ded0cad24b004bb8b9260ef15ee93e5d","i","2026/3/23 10:41:25","1","0.00","0.00"
"ebb842b95ea14f279ba116d6bfa9c69d","2226","南库区新1号仓","245","南库区新1号仓","2026/2/24 11:56:13","2026/2/24 11:56:13","20.10","65.00","8.60","57.00","266","99.00","14.00","45.50","董磊","2","混合小麦","0","88","董磊","","","","","161","仓储管理部","100101006","陕西省储备粮扶风直属库有限公司","ded0cad24b004bb8b9260ef15ee93e5d","i","2026/2/24 11:56:13","1","0.00","0.00"
"ee9bf8d175894a7fa3ff412c25cefd4a","2238","南库区新13号仓","257","南库区新13号仓","2026/3/9 12:20:40","2026/3/9 12:20:40","20.30","63.00","16.00","59.00","252","99.00","14.80","44.30","董磊","2","混合小麦","0","88","董磊","","","","","161","仓储管理部","100101006","陕西省储备粮扶风直属库有限公司","ded0cad24b004bb8b9260ef15ee93e5d","i","2026/3/9 12:20:40","1","0.00","0.00"
"eec2f32a389643e999fd767123ae4727","2230","南库区新5号仓","249","南库区新5号仓","2026/3/30 17:26:07","2026/3/30 17:26:07","19.70","57.00","22.30","59.00","266","99.00","15.20","39.90","董磊","2","混合小麦","0","88","董磊","","","","","161","仓储管理部","100101006","陕西省储备粮扶风直属库有限公司","ded0cad24b004bb8b9260ef15ee93e5d","i","2026/3/30 17:26:08","1","0.00","0.00"
"ef544e026f4f42609a4ab15b413a58b1","2236","南库区新11号仓","255","南库区新11号仓","2026/3/30 17:39:07","2026/3/30 17:39:07","22.50","57.00","22.30","59.00","266","99.00","14.60","39.90","董磊","2","混合小麦","0","88","董磊","","","","","161","仓储管理部","100101006","陕西省储备粮扶风直属库有限公司","ded0cad24b004bb8b9260ef15ee93e5d","n","","1","0.00","0.00"
"ef7b33307ff74149b4fbd0f4cb11014e","2235","南库区新10号仓","254","南库区新10号仓","2026/3/16 16:31:43","2026/3/16 16:31:43","20.00","45.00","14.00","59.00","266","99.00","9.50","38.40","董磊","2","混合小麦","0","88","董磊","","","","","161","仓储管理部","100101006","陕西省储备粮扶风直属库有限公司","ded0cad24b004bb8b9260ef15ee93e5d","n","","1","0.00","0.00"
"efe94d3f5a79438c9c17b92b478acb54","2229","南库区新4号仓","248","南库区新4号仓","2026/3/16 16:16:32","2026/3/16 16:16:32","18.80","56.00","14.00","59.00","252","99.00","10.70","40.50","董磊","2","混合小麦","0","88","董磊","","","","","161","仓储管理部","100101006","陕西省储备粮扶风直属库有限公司","ded0cad24b004bb8b9260ef15ee93e5d","n","","1","0.00","0.00"
"f125bbebd6154d03a9cd25738bf79990","2227","南库区新2号仓","246","南库区新2号仓","2026/2/24 11:57:49","2026/2/24 11:57:49","19.20","54.00","8.60","57.00","266","99.00","15.30","45.20","董磊","2","混合小麦","0","88","董磊","","","","","161","仓储管理部","100101006","陕西省储备粮扶风直属库有限公司","ded0cad24b004bb8b9260ef15ee93e5d","i","2026/2/24 11:57:50","1","0.00","0.00"
"f2652c9d9f2a4589af27a1c44aa59aa6","2242","南库区老2号仓","261","南库区老2号仓","2026/3/23 10:44:12","2026/3/23 10:44:12","16.70","67.00","14.00","60.00","182","99.00","14.80","33.40","董磊","2","混合小麦","0","88","董磊","","","","","161","仓储管理部","100101006","陕西省储备粮扶风直属库有限公司","ded0cad24b004bb8b9260ef15ee93e5d","n","","1","0.00","0.00"
"f47b5130c166472fa312a41e024b3fc1","2242","南库区老2号仓","261","南库区老2号仓","2026/2/24 11:59:00","2026/2/24 11:59:00","17.30","67.00","8.60","57.00","182","99.00","14.70","33.40","董磊","2","混合小麦","0","88","董磊","","","","","161","仓储管理部","100101006","陕西省储备粮扶风直属库有限公司","ded0cad24b004bb8b9260ef15ee93e5d","i","2026/2/26 03:01:01","1","0.00","0.00"
"f5099c01c098427a86d2219668ae3d3b","2232","南库区新7号仓","251","南库区新7号仓","2026/3/4 16:59:57","2026/3/4 16:59:57","20.60","60.00","19.70","55.00","266","99.00","15.10","39.50","董磊","2","混合小麦","0","88","董磊","","","","","161","仓储管理部","100101006","陕西省储备粮扶风直属库有限公司","ded0cad24b004bb8b9260ef15ee93e5d","i","2026/3/4 16:59:58","1","0.00","0.00"
"f57b456eff4848a08527e25f4d7cabc2","2227","南库区新2号仓","246","南库区新2号仓","2026/2/5 10:48:30","2026/2/5 10:48:30","20.20","62.00","11.60","57.00","266","99.00","15.50","45.30","董磊","2","混合小麦","0","88","董磊","","","","","161","仓储管理部","100101006","陕西省储备粮扶风直属库有限公司","ded0cad24b004bb8b9260ef15ee93e5d","i","2026/2/5 10:48:31","1","0.00","0.00"
"f6d08e63c26c4764864edd20df0403db","2231","南库区新6号仓","250","南库区新6号仓","2026/2/12 09:00:15","2026/2/12 09:00:15","20.90","59.00","3.30","55.00","252","99.00","-10.80","43.20","董磊","2","混合小麦","0","88","董磊","","","","","161","仓储管理部","100101006","陕西省储备粮扶风直属库有限公司","ded0cad24b004bb8b9260ef15ee93e5d","i","2026/2/12 09:00:16","1","0.00","0.00"
"f7dddeaed10544c589495e5cc5b7facc","2246","南库区老10号仓","597","南库区老10号仓","2026/2/12 08:51:42","2026/2/12 08:51:42","15.20","75.00","3.00","56.00","182","99.00","7.60","33.50","董磊","2","混合小麦","0","88","董磊","","","","","161","仓储管理部","100101006","陕西省储备粮扶风直属库有限公司","ded0cad24b004bb8b9260ef15ee93e5d","i","2026/2/12 08:51:43","1","0.00","0.00"
"f90246115b294c30889f87d7433094aa","2242","南库区老2号仓","261","南库区老2号仓","2026/3/30 17:22:18","2026/3/30 17:22:18","16.60","65.00","22.30","59.00","182","99.00","15.00","33.30","董磊","2","混合小麦","0","88","董磊","","","","","161","仓储管理部","100101006","陕西省储备粮扶风直属库有限公司","ded0cad24b004bb8b9260ef15ee93e5d","n","","1","0.00","0.00"
"fef6d6a0596743eebcb7f243c71ba8d8","2247","南库区老11号仓","265","南库区老11号仓","2026/2/24 12:21:48","2026/2/24 12:21:48","12.10","68.00","8.60","57.00","182","99.00","12.00","30.50","董磊","2","混合小麦","0","88","董磊","","","","","161","仓储管理部","100101006","陕西省储备粮扶风直属库有限公司","ded0cad24b004bb8b9260ef15ee93e5d","i","2026/2/26 03:01:02","1","0.00","0.00"
"ffcef6e744e547299ef546ca751aaba1","2237","南库区新12号仓","256","南库区新12号仓","2026/2/12 09:13:51","2026/2/12 09:13:51","","","3.30","55.00","266","99.00","14.10","44.70","董磊","2","混合小麦","0","88","董磊","","","","","161","仓储管理部","100101006","陕西省储备粮扶风直属库有限公司","ded0cad24b004bb8b9260ef15ee93e5d","i","2026/2/26 03:01:01","1","0.00","0.00"
